SequentialCutOff,Length,Size,Time
50,100000,3,128.892043
100,100000,3,19.475376
200,100000,3,21.751585
400,100000,3,10.199788
800,100000,3,9.581633
1600,100000,3,11.031147
3200,100000,3,10.41346
6400,100000,3,10.036968
12800,100000,3,11.907761
25600,100000,3,10.120944
51200,100000,3,17.118456
102400,100000,3,23.739943
204800,100000,3,15.723059
409600,100000,3,15.562105
819200,100000,3,15.523384
50,200000,3,19.040101
100,200000,3,18.520852
200,200000,3,21.502924
400,200000,3,18.652413
800,200000,3,40.531827
1600,200000,3,19.279432
3200,200000,3,31.281899
6400,200000,3,18.282453
12800,200000,3,23.439031
25600,200000,3,19.542556
51200,200000,3,19.390933
102400,200000,3,25.229114
204800,200000,3,36.074582
409600,200000,3,37.320222
819200,200000,3,35.475088
50,300000,3,34.63673
100,300000,3,30.007801
200,300000,3,26.770535
400,300000,3,26.95948
800,300000,3,59.646574
1600,300000,3,53.54247
3200,300000,3,53.606852
6400,300000,3,35.264216
12800,300000,3,38.044279
25600,300000,3,56.830587
51200,300000,3,58.424726
102400,300000,3,51.001271
204800,300000,3,33.083179
409600,300000,3,59.702558
819200,300000,3,49.81488
50,400000,3,34.292896
100,400000,3,44.613982
200,400000,3,38.633043
400,400000,3,35.109794
800,400000,3,45.326843
1600,400000,3,38.519209
3200,400000,3,36.458537
6400,400000,3,45.070251
12800,400000,3,34.899854
25600,400000,3,35.207299
51200,400000,3,37.561886
102400,400000,3,34.472511
204800,400000,3,42.237935
409600,400000,3,68.293744
819200,400000,3,79.142477
50,500000,3,49.461715
100,500000,3,49.458916
200,500000,3,54.662146
400,500000,3,46.014977
800,500000,3,45.711732
1600,500000,3,92.844054
3200,500000,3,65.917229
6400,500000,3,83.12526
12800,500000,3,52.854802
25600,500000,3,53.355857
51200,500000,3,44.656437
102400,500000,3,90.416221
204800,500000,3,83.584327
409600,500000,3,91.283037
819200,500000,3,124.348021
50,600000,3,69.560844
100,600000,3,57.820568
200,600000,3,52.604274
400,600000,3,55.668923
800,600000,3,53.566263
1600,600000,3,51.008269
3200,600000,3,51.064252
6400,600000,3,54.179752
12800,600000,3,56.274948
25600,600000,3,51.210743
51200,600000,3,50.962082
102400,600000,3,67.960173
204800,600000,3,64.425727
409600,600000,3,74.974014
819200,600000,3,102.759256
50,700000,3,78.472537
100,700000,3,63.491264
200,700000,3,61.65966
400,700000,3,66.054856
800,700000,3,75.128437
1600,700000,3,71.612652
3200,700000,3,61.83321
6400,700000,3,63.575706
12800,700000,3,74.670769
25600,700000,3,67.322424
51200,700000,3,59.399312
102400,700000,3,64.369277
204800,700000,3,65.168446
409600,700000,3,94.279572
819200,700000,3,123.172361
50,800000,3,70.85827
100,800000,3,79.616007
200,800000,3,75.180221
400,800000,3,86.742283
800,800000,3,72.835898
1600,800000,3,70.814882
3200,800000,3,80.0998
6400,800000,3,65.687696
12800,800000,3,87.876887
25600,800000,3,73.744703
51200,800000,3,73.392937
102400,800000,3,87.626827
204800,800000,3,72.344174
409600,800000,3,113.649978
819200,800000,3,137.555074
50,900000,3,91.259711
100,900000,3,80.164182
200,900000,3,87.387496
400,900000,3,99.408157
800,900000,3,74.039084
1600,900000,3,93.608699
3200,900000,3,80.929761
6400,900000,3,78.689474
12800,900000,3,99.01907
25600,900000,3,80.778138
51200,900000,3,92.791802
102400,900000,3,103.208993
204800,900000,3,83.063678
409600,900000,3,93.902148
819200,900000,3,108.555915
50,1000000,3,88.656462
100,1000000,3,89.420176
200,1000000,3,117.93694
400,1000000,3,104.375323
800,1000000,3,112.598415
1600,1000000,3,89.310074
3200,1000000,3,96.148498
6400,1000000,3,99.549516
12800,1000000,3,101.045218
25600,1000000,3,99.927875
51200,1000000,3,85.147676
102400,1000000,3,98.339333
204800,1000000,3,97.779961
409600,1000000,3,108.869892
819200,1000000,3,128.193644
50,100000,5,16.765291
100,100000,5,17.139917
200,100000,5,19.397465
400,100000,5,16.377137
800,100000,5,16.437786
1600,100000,5,17.077868
3200,100000,5,19.456714
6400,100000,5,16.799348
12800,100000,5,18.981318
25600,100000,5,18.478397
51200,100000,5,22.617001
102400,100000,5,35.134986
204800,100000,5,35.604784
409600,100000,5,34.785088
819200,100000,5,37.628133
50,200000,5,34.623201
100,200000,5,38.242555
200,200000,5,33.044923
400,200000,5,37.748498
800,200000,5,34.369407
1600,200000,5,36.128233
3200,200000,5,32.319466
6400,200000,5,37.612271
12800,200000,5,34.508434
25600,200000,5,40.111949
51200,200000,5,36.217807
102400,200000,5,48.280457
204800,200000,5,68.922628
409600,200000,5,70.44259
819200,200000,5,72.456141
50,300000,5,57.139898
100,300000,5,55.912452
200,300000,5,49.707112
400,300000,5,50.079871
800,300000,5,49.419261
1600,300000,5,55.923183
3200,300000,5,61.900857
6400,300000,5,52.140075
12800,300000,5,52.867865
25600,300000,5,53.244823
51200,300000,5,59.421239
102400,300000,5,76.001784
204800,300000,5,84.148831
409600,300000,5,105.129705
819200,300000,5,129.540055
50,400000,5,78.005072
100,400000,5,67.199726
200,400000,5,68.794332
400,400000,5,64.999561
800,400000,5,68.306806
1600,400000,5,72.906344
3200,400000,5,68.157982
6400,400000,5,77.951421
12800,400000,5,71.247823
25600,400000,5,75.525455
51200,400000,5,80.724954
102400,400000,5,76.537363
204800,400000,5,95.146855
409600,400000,5,140.728425
819200,400000,5,138.745197
50,500000,5,102.465341
100,500000,5,91.985168
200,500000,5,88.105488
400,500000,5,89.482224
800,500000,5,87.338976
1600,500000,5,93.00454
3200,500000,5,89.549404
6400,500000,5,89.404313
12800,500000,5,94.480181
25600,500000,5,87.744859
51200,500000,5,107.475894
102400,500000,5,102.616032
204800,500000,5,92.050949
409600,500000,5,121.164407
819200,500000,5,172.190405
50,600000,5,113.390586
100,600000,5,107.080276
200,600000,5,101.321405
400,600000,5,107.286015
800,600000,5,115.277241
1600,600000,5,114.646957
3200,600000,5,109.319629
6400,600000,5,107.194575
12800,600000,5,115.672394
25600,600000,5,105.973195
51200,600000,5,121.285706
102400,600000,5,121.796559
204800,600000,5,144.55352
409600,600000,5,175.266716
819200,600000,5,242.378268
50,700000,5,124.48145
100,700000,5,122.804734
200,700000,5,140.646781
400,700000,5,127.198532
800,700000,5,122.657776
1600,700000,5,125.660376
3200,700000,5,132.061194
6400,700000,5,125.860985
12800,700000,5,130.70172
25600,700000,5,131.916569
51200,700000,5,136.641605
102400,700000,5,141.037735
204800,700000,5,126.455813
409600,700000,5,167.735958
819200,700000,5,243.284739
50,800000,5,152.506023
100,800000,5,149.510421
200,800000,5,155.213774
400,800000,5,147.558918
800,800000,5,136.545032
1600,800000,5,146.994415
3200,800000,5,153.7414
6400,800000,5,142.862341
12800,800000,5,144.913216
25600,800000,5,154.722517
51200,800000,5,158.164589
102400,800000,5,146.482163
204800,800000,5,142.708852
409600,800000,5,198.527998
819200,800000,5,288.061075
50,900000,5,168.035938
100,900000,5,153.987729
200,900000,5,167.986952
400,900000,5,163.463925
800,900000,5,159.268403
1600,900000,5,179.069884
3200,900000,5,172.448397
6400,900000,5,166.616281
12800,900000,5,159.199823
25600,900000,5,162.042402
51200,900000,5,173.588134
102400,900000,5,165.197558
204800,900000,5,173.98282
409600,900000,5,161.033293
819200,900000,5,213.491544
50,1000000,5,190.484988
100,1000000,5,177.482743
200,1000000,5,183.534129
400,1000000,5,184.548836
800,1000000,5,177.958606
1600,1000000,5,192.779392
3200,1000000,5,188.264763
6400,1000000,5,187.602754
12800,1000000,5,181.250922
25600,1000000,5,182.528752
51200,1000000,5,182.091146
102400,1000000,5,200.009704
204800,1000000,5,207.810118
409600,1000000,5,180.419561
819200,1000000,5,239.093417
50,100000,7,26.451427
100,100000,7,23.956882
200,100000,7,25.438587
400,100000,7,23.718017
800,100000,7,24.724326
1600,100000,7,27.088244
3200,100000,7,24.400553
6400,100000,7,26.74441
12800,100000,7,32.088999
25600,100000,7,27.9322
51200,100000,7,36.104907
102400,100000,7,52.578149
204800,100000,7,53.409975
409600,100000,7,55.01018
819200,100000,7,55.296164
50,200000,7,57.423549
100,200000,7,51.077315
200,200000,7,52.189062
400,200000,7,49.952974
800,200000,7,53.745412
1600,200000,7,50.604252
3200,200000,7,51.008735
6400,200000,7,50.674699
12800,200000,7,56.15085
25600,200000,7,58.411197
51200,200000,7,49.783623
102400,200000,7,70.005915
204800,200000,7,112.051173
409600,200000,7,110.090806
819200,200000,7,110.028757
50,300000,7,82.95451
100,300000,7,80.900369
200,300000,7,77.644443
400,300000,7,80.599923
800,300000,7,72.283058
1600,300000,7,79.423795
3200,300000,7,80.127326
6400,300000,7,74.342796
12800,300000,7,78.100245
25600,300000,7,82.762298
51200,300000,7,85.498975
102400,300000,7,82.24818
204800,300000,7,105.516927
409600,300000,7,167.038959
819200,300000,7,169.325432
50,400000,7,109.103624
100,400000,7,104.385587
200,400000,7,105.23934
400,400000,7,103.677392
800,400000,7,104.937494
1600,400000,7,106.465852
3200,400000,7,106.977638
6400,400000,7,104.376256
12800,400000,7,109.109689
25600,400000,7,117.150367
51200,400000,7,104.129461
102400,400000,7,98.595459
204800,400000,7,149.87385
409600,400000,7,224.246504
819200,400000,7,220.730254
50,500000,7,135.224747
100,500000,7,131.584398
200,500000,7,131.918902
400,500000,7,138.041667
800,500000,7,141.101183
1600,500000,7,135.415092
3200,500000,7,132.354642
6400,500000,7,134.942028
12800,500000,7,133.439796
25600,500000,7,129.959468
51200,500000,7,126.093318
102400,500000,7,163.883337
204800,500000,7,133.023649
409600,500000,7,181.046114
819200,500000,7,278.897455
50,600000,7,173.285822
100,600000,7,156.018075
200,600000,7,158.910107
400,600000,7,156.744466
800,600000,7,160.2024
1600,600000,7,172.385415
3200,600000,7,164.715163
6400,600000,7,158.847125
12800,600000,7,161.053355
25600,600000,7,161.625322
51200,600000,7,176.916373
102400,600000,7,183.919017
204800,600000,7,158.11327
409600,600000,7,217.175747
819200,600000,7,335.298832
50,700000,7,197.231972
100,700000,7,184.769505
200,700000,7,195.019212
400,700000,7,190.138822
800,700000,7,191.503427
1600,700000,7,191.825334
3200,700000,7,188.476568
6400,700000,7,184.288978
12800,700000,7,190.714521
25600,700000,7,192.203692
51200,700000,7,193.0971
102400,700000,7,216.110653
204800,700000,7,194.048359
409600,700000,7,251.551685
819200,700000,7,392.155545
50,800000,7,216.691953
100,800000,7,204.897092
200,800000,7,235.600025
400,800000,7,222.787659
800,800000,7,210.846308
1600,800000,7,210.100323
3200,800000,7,207.887562
6400,800000,7,215.05116
12800,800000,7,203.113075
25600,800000,7,213.947811
51200,800000,7,219.482746
102400,800000,7,238.531246
204800,800000,7,226.304377
409600,800000,7,294.613049
819200,800000,7,459.201316
50,900000,7,247.471397
100,900000,7,367.55485
200,900000,7,375.561471
400,900000,7,255.848444
800,900000,7,318.183642
1600,900000,7,267.452959
3200,900000,7,287.769026
6400,900000,7,241.820763
12800,900000,7,250.159087
25600,900000,7,246.125452
51200,900000,7,237.916823
102400,900000,7,257.365606
204800,900000,7,243.727478
409600,900000,7,290.290631
819200,900000,7,338.241249
50,1000000,7,274.389823
100,1000000,7,337.749991
200,1000000,7,293.334285
400,1000000,7,259.780842
800,1000000,7,281.245977
1600,1000000,7,279.508611
3200,1000000,7,271.764181
6400,1000000,7,286.354967
12800,1000000,7,277.861754
25600,1000000,7,278.095952
51200,1000000,7,278.415994
102400,1000000,7,265.430077
204800,1000000,7,301.152427
409600,1000000,7,301.225672
819200,1000000,7,367.231544
50,100000,9,35.2031
100,100000,9,35.96448
200,100000,9,37.76296
400,100000,9,36.279389
800,100000,9,33.388291
1600,100000,9,43.878261
3200,100000,9,53.789732
6400,100000,9,41.263817
12800,100000,9,43.962704
25600,100000,9,42.362499
51200,100000,9,48.788044
102400,100000,9,73.566488
204800,100000,9,79.243248
409600,100000,9,79.987366
819200,100000,9,80.663838
50,200000,9,115.138215
100,200000,9,103.411468
200,200000,9,84.370434
400,200000,9,89.028755
800,200000,9,90.850095
1600,200000,9,68.469626
3200,200000,9,68.547537
6400,200000,9,68.082871
12800,200000,9,70.079161
25600,200000,9,69.774516
51200,200000,9,69.667213
102400,200000,9,101.429174
204800,200000,9,155.761483
409600,200000,9,170.111538
819200,200000,9,159.516131
50,300000,9,106.67206
100,300000,9,117.492801
200,300000,9,106.054838
400,300000,9,108.13837
800,300000,9,105.286927
1600,300000,9,107.503886
3200,300000,9,106.458854
6400,300000,9,107.904171
12800,300000,9,113.951358
25600,300000,9,113.714359
51200,300000,9,127.140215
102400,300000,9,110.15892
204800,300000,9,156.093653
409600,300000,9,293.148605
819200,300000,9,261.749607
50,400000,9,341.278838
100,400000,9,231.922354
200,400000,9,148.840948
400,400000,9,146.791473
800,400000,9,148.88107
1600,400000,9,147.272468
3200,400000,9,143.201511
6400,400000,9,158.967957
12800,400000,9,145.724515
25600,400000,9,148.107094
51200,400000,9,139.955847
102400,400000,9,151.826286
204800,400000,9,199.133557
409600,400000,9,306.712555
819200,400000,9,310.924872
50,500000,9,191.323346
100,500000,9,179.137531
200,500000,9,182.880051
400,500000,9,176.278158
800,500000,9,174.87203
1600,500000,9,177.477611
3200,500000,9,185.008369
6400,500000,9,185.694171
12800,500000,9,181.231794
25600,500000,9,187.310238
51200,500000,9,187.207601
102400,500000,9,193.621948
204800,500000,9,218.286093
409600,500000,9,261.450094
819200,500000,9,442.454219
50,600000,9,249.355253
100,600000,9,223.408613
200,600000,9,205.680399
400,600000,9,219.514471
800,600000,9,228.888963
1600,600000,9,217.649276
3200,600000,9,232.724789
6400,600000,9,226.2232
12800,600000,9,228.62444
25600,600000,9,251.459311
51200,600000,9,218.571143
102400,600000,9,244.460866
204800,600000,9,220.239928
409600,600000,9,295.505524
819200,600000,9,457.902958
50,700000,9,260.181593
100,700000,9,252.846778
200,700000,9,296.678852
400,700000,9,254.711039
800,700000,9,273.546799
1600,700000,9,337.03713
3200,700000,9,297.776136
6400,700000,9,313.405889
12800,700000,9,263.535024
25600,700000,9,307.628823
51200,700000,9,263.970765
102400,700000,9,254.276698
204800,700000,9,248.320485
409600,700000,9,347.543896
819200,700000,9,542.660146
50,800000,9,408.439843
100,800000,9,304.924338
200,800000,9,332.614408
400,800000,9,281.73117
800,800000,9,294.110128
1600,800000,9,320.855937
3200,800000,9,302.414396
6400,800000,9,310.554445
12800,800000,9,268.497991
25600,800000,9,311.580815
51200,800000,9,342.395716
102400,800000,9,355.769321
204800,800000,9,311.733371
409600,800000,9,411.392056
819200,800000,9,630.168474
50,900000,9,403.886491
100,900000,9,466.421831
200,900000,9,646.628187
400,900000,9,351.301344
800,900000,9,356.035711
1600,900000,9,386.387812
3200,900000,9,323.39527
6400,900000,9,299.351147
12800,900000,9,342.727886
25600,900000,9,343.632492
51200,900000,9,347.02278
102400,900000,9,325.011803
204800,900000,9,444.634789
409600,900000,9,327.913165
819200,900000,9,544.63171
50,1000000,9,476.925331
100,1000000,9,450.840598
200,1000000,9,358.519993
400,1000000,9,351.499154
800,1000000,9,356.596015
1600,1000000,9,348.157852
3200,1000000,9,355.934939
6400,1000000,9,407.451262
12800,1000000,9,356.015183
25600,1000000,9,337.536319
51200,1000000,9,368.223856
102400,1000000,9,376.667618
204800,1000000,9,388.702743
409600,1000000,9,355.368103
819200,1000000,9,495.778352
50,100000,11,47.137453
100,100000,11,42.945664
200,100000,11,39.82923
400,100000,11,42.771648
800,100000,11,38.567729
1600,100000,11,41.112193
3200,100000,11,41.365521
6400,100000,11,42.931202
12800,100000,11,45.814369
25600,100000,11,42.487996
51200,100000,11,64.522765
102400,100000,11,95.94789
204800,100000,11,102.272197
409600,100000,11,97.743105
819200,100000,11,96.2586
50,200000,11,83.750879
100,200000,11,90.953199
200,200000,11,88.450722
400,200000,11,88.852406
800,200000,11,87.44208
1600,200000,11,89.160784
3200,200000,11,89.654841
6400,200000,11,86.431572
12800,200000,11,93.959998
25600,200000,11,106.761167
51200,200000,11,89.666971
102400,200000,11,121.356619
204800,200000,11,193.848216
409600,200000,11,194.236371
819200,200000,11,194.580205
50,300000,11,131.879247
100,300000,11,137.038623
200,300000,11,129.00401
400,300000,11,130.47032
800,300000,11,139.781365
1600,300000,11,138.078989
3200,300000,11,128.708229
6400,300000,11,135.406694
12800,300000,11,134.296815
25600,300000,11,136.583288
51200,300000,11,134.400852
102400,300000,11,140.334671
204800,300000,11,184.92486
409600,300000,11,304.595899
819200,300000,11,289.913207
50,400000,11,202.039118
100,400000,11,182.117272
200,400000,11,196.690329
400,400000,11,176.170855
800,400000,11,184.4406
1600,400000,11,177.949742
3200,400000,11,189.339186
6400,400000,11,180.504004
12800,400000,11,182.297819
25600,400000,11,188.908577
51200,400000,11,182.693438
102400,400000,11,274.624489
204800,400000,11,284.567217
409600,400000,11,385.305924
819200,400000,11,387.120733
50,500000,11,221.852262
100,500000,11,229.783305
200,500000,11,232.659941
400,500000,11,216.619174
800,500000,11,223.108166
1600,500000,11,227.741295
3200,500000,11,223.908269
6400,500000,11,285.234824
12800,500000,11,255.884367
25600,500000,11,234.313797
51200,500000,11,255.782663
102400,500000,11,216.868302
204800,500000,11,334.965262
409600,500000,11,357.749282
819200,500000,11,573.231983
50,600000,11,291.665034
100,600000,11,278.757029
200,600000,11,295.343172
400,600000,11,277.243132
800,600000,11,268.25866
1600,600000,11,270.163044
3200,600000,11,283.19328
6400,600000,11,280.663745
12800,600000,11,313.404022
25600,600000,11,396.420114
51200,600000,11,450.070353
102400,600000,11,349.280328
204800,600000,11,292.283655
409600,600000,11,389.984306
819200,600000,11,638.172296
50,700000,11,377.776098
100,700000,11,426.54688
200,700000,11,363.584197
400,700000,11,324.191173
800,700000,11,329.409333
1600,700000,11,316.350172
3200,700000,11,307.73006
6400,700000,11,348.246493
12800,700000,11,406.541057
25600,700000,11,439.013079
51200,700000,11,368.9983
102400,700000,11,451.645365
204800,700000,11,337.354372
409600,700000,11,583.609054
819200,700000,11,776.340393
50,800000,11,409.891223
100,800000,11,632.245941
200,800000,11,474.633726
400,800000,11,409.66029
800,800000,11,366.033956
1600,800000,11,521.476331
3200,800000,11,546.378872
6400,800000,11,459.530221
12800,800000,11,458.445067
25600,800000,11,500.538378
51200,800000,11,416.728249
102400,800000,11,580.645642
204800,800000,11,412.914351
409600,800000,11,510.966766
819200,800000,11,821.837053
50,900000,11,447.565077
100,900000,11,419.505514
200,900000,11,457.965006
400,900000,11,409.371507
800,900000,11,405.081746
1600,900000,11,393.979685
3200,900000,11,397.440885
6400,900000,11,394.421958
12800,900000,11,393.703498
25600,900000,11,397.887823
51200,900000,11,393.563073
102400,900000,11,410.171143
204800,900000,11,498.893386
409600,900000,11,394.108448
819200,900000,11,575.906611
50,1000000,11,425.719252
100,1000000,11,444.220975
200,1000000,11,450.574207
400,1000000,11,424.662091
800,1000000,11,433.777659
1600,1000000,11,449.722787
3200,1000000,11,446.225197
6400,1000000,11,434.072506
12800,1000000,11,432.366399
25600,1000000,11,454.88263
51200,1000000,11,435.363867
102400,1000000,11,462.169859
204800,1000000,11,530.984718
409600,1000000,11,456.736628
819200,1000000,11,628.53328
50,100000,13,50.446097
100,100000,13,55.790221
200,100000,13,55.411864
400,100000,13,49.963237
800,100000,13,54.530585
1600,100000,13,52.072895
3200,100000,13,54.60383
6400,100000,13,55.518699
12800,100000,13,56.850648
25600,100000,13,55.407198
51200,100000,13,90.098979
102400,100000,13,128.559406
204800,100000,13,121.87167
409600,100000,13,124.093296
819200,100000,13,121.78023
50,200000,13,110.820928
100,200000,13,107.904637
200,200000,13,110.354396
400,200000,13,103.924653
800,200000,13,106.531167
1600,200000,13,119.609924
3200,200000,13,109.864538
6400,200000,13,166.823888
12800,200000,13,215.032032
25600,200000,13,117.912214
51200,200000,13,109.169871
102400,200000,13,158.485096
204800,200000,13,237.066802
409600,200000,13,241.269321
819200,200000,13,263.748229
50,300000,13,161.196113
100,300000,13,158.059619
200,300000,13,181.878874
400,300000,13,177.537327
800,300000,13,162.598508
1600,300000,13,157.312701
3200,300000,13,165.814313
6400,300000,13,189.903223
12800,300000,13,180.997128
25600,300000,13,171.042737
51200,300000,13,195.110186
102400,300000,13,172.735781
204800,300000,13,227.3774
409600,300000,13,380.068636
819200,300000,13,363.079409
50,400000,13,224.602935
100,400000,13,225.641435
200,400000,13,223.845287
400,400000,13,230.472373
800,400000,13,221.350741
1600,400000,13,237.195565
3200,400000,13,245.417724
6400,400000,13,229.794969
12800,400000,13,291.044546
25600,400000,13,289.731725
51200,400000,13,338.571554
102400,400000,13,226.270786
204800,400000,13,300.335063
409600,400000,13,487.757269
819200,400000,13,477.806143
50,500000,13,279.366319
100,500000,13,377.563826
200,500000,13,265.035391
400,500000,13,359.648533
800,500000,13,289.403754
1600,500000,13,267.079734
3200,500000,13,266.030504
6400,500000,13,274.090776
12800,500000,13,264.633707
25600,500000,13,280.000336
51200,500000,13,278.07076
102400,500000,13,280.738389
204800,500000,13,267.164643
409600,500000,13,387.223837
819200,500000,13,595.586795
50,600000,13,324.252756
100,600000,13,308.526431
200,600000,13,321.393381
400,600000,13,322.146364
800,600000,13,386.602416
1600,600000,13,316.300253
3200,600000,13,341.866202
6400,600000,13,336.340132
12800,600000,13,342.354661
25600,600000,13,406.568583
51200,600000,13,382.031336
102400,600000,13,374.567292
204800,600000,13,424.15777
409600,600000,13,542.927003
819200,600000,13,768.806368
50,700000,13,362.34882
100,700000,13,367.467609
200,700000,13,375.605325
400,700000,13,371.677592
800,700000,13,388.082255
1600,700000,13,375.738286
3200,700000,13,366.522415
6400,700000,13,358.615632
12800,700000,13,368.603147
25600,700000,13,408.812135
51200,700000,13,402.273224
102400,700000,13,433.910153
204800,700000,13,364.809309
409600,700000,13,546.697047
819200,700000,13,825.806308
50,800000,13,437.26825
100,800000,13,425.125357
200,800000,13,420.569672
400,800000,13,433.068997
800,800000,13,419.120158
1600,800000,13,424.395701
3200,800000,13,428.45033
6400,800000,13,418.854701
12800,800000,13,424.509535
25600,800000,13,434.448065
51200,800000,13,419.684661
102400,800000,13,484.05114
204800,800000,13,413.760173
409600,800000,13,652.117402
819200,800000,13,943.715255
50,900000,13,482.035254
100,900000,13,471.701573
200,900000,13,473.40908
400,900000,13,461.626815
800,900000,13,464.037853
1600,900000,13,479.735719
3200,900000,13,466.25248
6400,900000,13,481.862172
12800,900000,13,455.981779
25600,900000,13,495.216182
51200,900000,13,501.13134
102400,900000,13,506.339702
204800,900000,13,595.675902
409600,900000,13,529.876705
819200,900000,13,820.835876
50,1000000,13,645.861676
100,1000000,13,759.755182
200,1000000,13,600.293635
400,1000000,13,646.554009
800,1000000,13,642.365952
1600,1000000,13,568.373987
3200,1000000,13,531.10695
6400,1000000,13,581.239072
12800,1000000,13,601.842987
25600,1000000,13,517.455759
51200,1000000,13,519.770691
102400,1000000,13,598.626717
204800,1000000,13,616.261157
409600,1000000,13,564.502705
819200,1000000,13,801.427214
50,100000,15,63.816903
100,100000,15,60.491463
200,100000,15,62.114528
400,100000,15,60.936535
800,100000,15,64.572218
1600,100000,15,61.146474
3200,100000,15,66.770983
6400,100000,15,66.721064
12800,100000,15,69.964395
25600,100000,15,61.222053
51200,100000,15,91.210725
102400,100000,15,186.001149
204800,100000,15,172.037849
409600,100000,15,166.275713
819200,100000,15,163.265649
50,200000,15,147.772124
100,200000,15,150.473809
200,200000,15,128.089141
400,200000,15,129.467277
800,200000,15,135.616634
1600,200000,15,144.798915
3200,200000,15,146.416848
6400,200000,15,144.338449
12800,200000,15,129.529791
25600,200000,15,154.81209
51200,200000,15,122.707229
102400,200000,15,170.369997
204800,200000,15,280.362365
409600,200000,15,285.981276
819200,200000,15,277.638751
50,300000,15,203.201716
100,300000,15,221.607799
200,300000,15,199.592158
400,300000,15,219.725344
800,300000,15,298.776847
1600,300000,15,216.165238
3200,300000,15,202.644676
6400,300000,15,204.118917
12800,300000,15,188.771882
25600,300000,15,197.405057
51200,300000,15,221.139402
102400,300000,15,191.383062
204800,300000,15,254.121809
409600,300000,15,422.920527
819200,300000,15,481.614443
50,400000,15,373.612768
100,400000,15,444.196249
200,400000,15,255.315665
400,400000,15,269.111947
800,400000,15,263.397397
1600,400000,15,260.030903
3200,400000,15,264.947683
6400,400000,15,258.721815
12800,400000,15,252.716616
25600,400000,15,249.639838
51200,400000,15,284.94604
102400,400000,15,257.899785
204800,400000,15,365.94858
409600,400000,15,560.093045
819200,400000,15,557.850892
50,500000,15,310.300185
100,500000,15,323.333221
200,500000,15,314.434592
400,500000,15,316.387028
800,500000,15,315.271083
1600,500000,15,312.15465
3200,500000,15,333.715889
6400,500000,15,335.933782
12800,500000,15,339.122062
25600,500000,15,358.108978
51200,500000,15,340.800644
102400,500000,15,366.002698
204800,500000,15,325.055658
409600,500000,15,470.641146
819200,500000,15,740.584919
50,600000,15,571.129791
100,600000,15,586.24076
200,600000,15,381.027826
400,600000,15,370.020938
800,600000,15,380.7689
1600,600000,15,403.005678
3200,600000,15,404.290041
6400,600000,15,433.695083
12800,600000,15,526.866641
25600,600000,15,440.428071
51200,600000,15,402.407585
102400,600000,15,385.30639
204800,600000,15,372.399318
409600,600000,15,553.12819
819200,600000,15,869.440106
50,700000,15,436.025409
100,700000,15,437.526709
200,700000,15,446.060045
400,700000,15,434.698593
800,700000,15,451.01788
1600,700000,15,453.146198
3200,700000,15,433.696015
6400,700000,15,447.611264
12800,700000,15,442.646431
25600,700000,15,470.12656
51200,700000,15,531.043501
102400,700000,15,563.888749
204800,700000,15,437.094234
409600,700000,15,716.001952
819200,700000,15,1345.526145
50,800000,15,561.712844
100,800000,15,562.107997
200,800000,15,629.334781
400,800000,15,538.259818
800,800000,15,540.124546
1600,800000,15,544.376051
3200,800000,15,739.254836
6400,800000,15,563.07885
12800,800000,15,548.982587
25600,800000,15,675.6684
51200,800000,15,604.991145
102400,800000,15,684.484921
204800,800000,15,489.845932
409600,800000,15,695.120916
819200,800000,15,1188.619793
50,900000,15,562.844651
100,900000,15,590.331313
200,900000,15,606.668328
400,900000,15,617.039333
800,900000,15,592.571598
1600,900000,15,593.843832
3200,900000,15,601.395583
6400,900000,15,762.25626
12800,900000,15,907.217995
25600,900000,15,581.756922
51200,900000,15,593.897949
102400,900000,15,841.381009
204800,900000,15,697.816071
409600,900000,15,573.146608
819200,900000,15,796.358345
50,1000000,15,654.251319
100,1000000,15,677.462215
200,1000000,15,636.47132
400,1000000,15,655.107871
800,1000000,15,665.38697
1600,1000000,15,651.998437
3200,1000000,15,663.342627
6400,1000000,15,635.073124
12800,1000000,15,651.948051
25600,1000000,15,659.315523
51200,1000000,15,638.215216
102400,1000000,15,637.747751
204800,1000000,15,736.19532
409600,1000000,15,652.109005
819200,1000000,15,882.906083
50,100000,17,70.44259
100,100000,17,70.148208
200,100000,17,67.451654
400,100000,17,72.002673
800,100000,17,72.066588
1600,100000,17,73.288434
3200,100000,17,69.983522
6400,100000,17,76.658661
12800,100000,17,82.926984
25600,100000,17,78.482334
51200,100000,17,101.05315
102400,100000,17,163.732647
204800,100000,17,164.486563
409600,100000,17,160.2024
819200,100000,17,165.485874
50,200000,17,144.675285
100,200000,17,139.631141
200,200000,17,142.651469
400,200000,17,140.009032
800,200000,17,150.864763
1600,200000,17,144.359442
3200,200000,17,148.904863
6400,200000,17,147.51693
12800,200000,17,158.511689
25600,200000,17,148.943118
51200,200000,17,151.318699
102400,200000,17,213.05627
204800,200000,17,328.081583
409600,200000,17,323.350016
819200,200000,17,331.247003
50,300000,17,221.032566
100,300000,17,222.256279
200,300000,17,214.19554
400,300000,17,231.434361
800,300000,17,215.17899
1600,300000,17,226.471861
3200,300000,17,228.807787
6400,300000,17,224.591738
12800,300000,17,220.324837
25600,300000,17,222.134047
51200,300000,17,267.445961
102400,300000,17,219.86437
204800,300000,17,312.392582
409600,300000,17,495.996689
819200,300000,17,489.823073
50,400000,17,302.092489
100,400000,17,293.616537
200,400000,17,312.707023
400,400000,17,286.663812
800,400000,17,306.17511
1600,400000,17,287.625334
3200,400000,17,284.595208
6400,400000,17,304.452674
12800,400000,17,292.370897
25600,400000,17,322.302653
51200,400000,17,338.910256
102400,400000,17,294.114793
204800,400000,17,415.693014
409600,400000,17,658.740756
819200,400000,17,655.129332
50,500000,17,358.727133
100,500000,17,388.295927
200,500000,17,360.623585
400,500000,17,374.490781
800,500000,17,374.829016
1600,500000,17,352.554915
3200,500000,17,368.666129
6400,500000,17,366.153388
12800,500000,17,375.198975
25600,500000,17,397.832773
51200,500000,17,415.263805
102400,500000,17,395.909261
204800,500000,17,448.515402
409600,500000,17,563.079316
819200,500000,17,893.625121
50,600000,17,489.133072
100,600000,17,460.330323
200,600000,17,524.197612
400,600000,17,489.467575
800,600000,17,427.834042
1600,600000,17,444.247568
3200,600000,17,520.163043
6400,600000,17,551.036261
12800,600000,17,621.45459
25600,600000,17,552.134477
51200,600000,17,471.437515
102400,600000,17,542.100308
204800,600000,17,582.021912
409600,600000,17,884.368194
819200,600000,17,1140.774144
50,700000,17,626.30559
100,700000,17,578.075518
200,700000,17,601.628383
400,700000,17,890.335138
800,700000,17,641.837371
1600,700000,17,564.521833
3200,700000,17,609.199263
6400,700000,17,547.508346
12800,700000,17,615.437262
25600,700000,17,600.743839
51200,700000,17,722.204494
102400,700000,17,746.303201
204800,700000,17,656.791119
409600,700000,17,926.100875
819200,700000,17,1412.78512
50,800000,17,657.954649
100,800000,17,606.666461
200,800000,17,645.92559
400,800000,17,621.912258
800,800000,17,754.501567
1600,800000,17,749.693955
3200,800000,17,728.811519
6400,800000,17,813.52952
12800,800000,17,791.87124
25600,800000,17,880.193667
51200,800000,17,809.033551
102400,800000,17,641.912949
204800,800000,17,646.440641
409600,800000,17,856.603946
819200,800000,17,1412.496804
50,900000,17,723.138024
100,900000,17,1324.425839
200,900000,17,742.802345
400,900000,17,797.367921
800,900000,17,728.355718
1600,900000,17,656.050732
3200,900000,17,847.621807
6400,900000,17,653.132109
12800,900000,17,659.059397
25600,900000,17,868.782295
51200,900000,17,683.193093
102400,900000,17,632.445617
204800,900000,17,651.105494
409600,900000,17,854.594126
819200,900000,17,931.915729
50,1000000,17,729.769776
100,1000000,17,786.756651
200,1000000,17,831.530654
400,1000000,17,916.429202
800,1000000,17,725.893829
1600,1000000,17,757.478041
3200,1000000,17,757.5023
6400,1000000,17,750.873348
12800,1000000,17,783.463403
25600,1000000,17,777.385424
51200,1000000,17,869.718159
102400,1000000,17,1069.121371
204800,1000000,17,1430.430291
409600,1000000,17,1140.612258
819200,1000000,17,1259.396886
50,100000,19,82.453921
100,100000,19,90.858027
200,100000,19,90.149364
400,100000,19,96.94067
800,100000,19,98.65984
1600,100000,19,113.914968
3200,100000,19,99.444081
6400,100000,19,128.756282
12800,100000,19,95.523346
25600,100000,19,151.042046
51200,100000,19,205.855815
102400,100000,19,196.228929
204800,100000,19,190.118294
409600,100000,19,209.879187
819200,100000,19,199.516113
50,200000,19,193.748845
100,200000,19,181.758975
200,200000,19,199.782969
400,200000,19,177.379173
800,200000,19,198.403901
1600,200000,19,166.954984
3200,200000,19,174.914018
6400,200000,19,169.550301
12800,200000,19,288.625578
25600,200000,19,205.607154
51200,200000,19,179.488364
102400,200000,19,248.654055
204800,200000,19,384.82073
409600,200000,19,414.3564
819200,200000,19,476.174214
50,300000,19,282.103928
100,300000,19,290.119413
200,300000,19,281.859465
400,300000,19,244.016262
800,300000,19,282.058675
1600,300000,19,329.250713
3200,300000,19,303.674499
6400,300000,19,347.550428
12800,300000,19,262.687336
25600,300000,19,302.952774
51200,300000,19,257.172928
102400,300000,19,242.943238
204800,300000,19,365.856674
409600,300000,19,629.286262
819200,300000,19,549.617071
50,400000,19,403.515132
100,400000,19,375.158387
200,400000,19,334.180555
400,400000,19,446.890472
800,400000,19,340.431617
1600,400000,19,348.051016
3200,400000,19,446.533108
6400,400000,19,435.759486
12800,400000,19,348.865114
25600,400000,19,368.592884
51200,400000,19,404.718784
102400,400000,19,375.424311
204800,400000,19,581.373433
409600,400000,19,750.761847
819200,400000,19,765.410017
50,500000,19,475.899893
100,500000,19,424.959272
200,500000,19,545.501326
400,500000,19,548.40502
800,500000,19,471.840133
1600,500000,19,469.316661
3200,500000,19,735.509985
6400,500000,19,620.462277
12800,500000,19,431.532707
25600,500000,19,573.205392
51200,500000,19,555.946509
102400,500000,19,564.200392
204800,500000,19,392.630475
409600,500000,19,581.863291
819200,500000,19,935.553746
50,600000,19,700.689441
100,600000,19,532.487884
200,600000,19,490.054006
400,600000,19,481.245416
800,600000,19,499.982738
1600,600000,19,489.756825
3200,600000,19,536.279389
6400,600000,19,529.160579
12800,600000,19,745.875391
25600,600000,19,707.836243
51200,600000,19,703.643988
102400,600000,19,776.35159
204800,600000,19,596.897749
409600,600000,19,758.940618
819200,600000,19,1255.432765
50,700000,19,784.480442
100,700000,19,703.349606
200,700000,19,770.15138
400,700000,19,599.598503
800,700000,19,869.278686
1600,700000,19,714.906068
3200,700000,19,668.311659
6400,700000,19,595.814462
12800,700000,19,785.654703
25600,700000,19,723.612953
51200,700000,19,663.707454
102400,700000,19,678.151283
204800,700000,19,651.699389
409600,700000,19,855.251936
819200,700000,19,1259.825629
50,800000,19,798.900944
100,800000,19,734.562925
200,800000,19,650.525595
400,800000,19,675.893269
800,800000,19,825.297788
1600,800000,19,687.754377
3200,800000,19,640.701832
6400,800000,19,716.110654
12800,800000,19,697.195117
25600,800000,19,697.869255
51200,800000,19,641.660555
102400,800000,19,762.028593
204800,800000,19,644.888956
409600,800000,19,926.225906
819200,800000,19,1443.250123
50,900000,19,783.255796
100,900000,19,768.123832
200,900000,19,756.259926
400,900000,19,765.291518
800,900000,19,737.079398
1600,900000,19,749.908093
3200,900000,19,748.671317
6400,900000,19,799.783156
12800,900000,19,748.776753
25600,900000,19,834.537918
51200,900000,19,760.051897
102400,900000,19,797.783133
204800,900000,19,854.824127
409600,900000,19,720.04865
819200,900000,19,1029.326197
50,1000000,19,802.038838
100,1000000,19,904.53637
200,1000000,19,831.95753
400,1000000,19,1111.436751
800,1000000,19,894.697678
1600,1000000,19,1065.306073
3200,1000000,19,1105.98999
6400,1000000,19,920.714298
12800,1000000,19,841.059102
25600,1000000,19,840.142367
51200,1000000,19,798.487597
102400,1000000,19,874.02005
204800,1000000,19,1061.989964
409600,1000000,19,848.363126
819200,1000000,19,1271.695601
50,100000,21,95.728153
100,100000,21,92.52028
200,100000,21,93.060524
400,100000,21,95.437038
800,100000,21,93.245737
1600,100000,21,93.00594
3200,100000,21,93.338577
6400,100000,21,98.608988
12800,100000,21,141.440819
25600,100000,21,116.511685
51200,100000,21,134.438641
102400,100000,21,205.799365
204800,100000,21,204.997397
409600,100000,21,199.555768
819200,100000,21,204.601777
50,200000,21,186.880562
100,200000,21,189.971336
200,200000,21,184.108429
400,200000,21,186.374375
800,200000,21,170.886915
1600,200000,21,175.338562
3200,200000,21,180.477878
6400,200000,21,180.456417
12800,200000,21,171.554055
25600,200000,21,224.646789
51200,200000,21,221.209848
102400,200000,21,242.983359
204800,200000,21,404.626411
409600,200000,21,397.813645
819200,200000,21,418.72314
50,300000,21,352.775119
100,300000,21,289.112171
200,300000,21,289.743855
400,300000,21,292.907409
800,300000,21,279.050944
1600,300000,21,319.489465
3200,300000,21,308.559555
6400,300000,21,301.789243
12800,300000,21,359.356018
25600,300000,21,293.917916
51200,300000,21,360.293747
102400,300000,21,286.08951
204800,300000,21,382.339714
409600,300000,21,650.861498
819200,300000,21,630.396608
50,400000,21,363.025758
100,400000,21,356.229321
200,400000,21,379.015207
400,400000,21,384.202109
800,400000,21,417.16399
1600,400000,21,356.14208
3200,400000,21,372.664308
6400,400000,21,360.927764
12800,400000,21,392.747575
25600,400000,21,394.3907
51200,400000,21,365.52497
102400,400000,21,363.147057
204800,400000,21,512.952326
409600,400000,21,807.936268
819200,400000,21,813.371365
50,500000,21,488.950191
100,500000,21,540.481909
200,500000,21,466.326192
400,500000,21,452.640011
800,500000,21,507.094085
1600,500000,21,462.088216
3200,500000,21,463.339455
6400,500000,21,551.204679
12800,500000,21,473.05918
25600,500000,21,462.728764
51200,500000,21,494.916668
102400,500000,21,466.908891
204800,500000,21,478.049673
409600,500000,21,639.023717
819200,500000,21,1060.461139
50,600000,21,564.069296
100,600000,21,561.384405
200,600000,21,676.035561
400,600000,21,551.283989
800,600000,21,630.567826
1600,600000,21,578.195418
3200,600000,21,654.357688
6400,600000,21,653.1629
12800,600000,21,576.31296
25600,600000,21,605.53932
51200,600000,21,569.842163
102400,600000,21,594.778294
204800,600000,21,805.734704
409600,600000,21,836.902302
819200,600000,21,1517.769268
50,700000,21,700.920841
100,700000,21,828.747324
200,700000,21,604.579197
400,700000,21,642.606215
800,700000,21,626.892486
1600,700000,21,648.223726
3200,700000,21,754.991891
6400,700000,21,686.909954
12800,700000,21,743.964477
25600,700000,21,667.882915
51200,700000,21,774.74532
102400,700000,21,738.802301
204800,700000,21,637.43331
409600,700000,21,1029.032749
819200,700000,21,1480.114543
50,800000,21,940.58296
100,800000,21,964.185743
200,800000,21,833.288546
400,800000,21,821.329
800,800000,21,769.809413
1600,800000,21,757.687513
3200,800000,21,773.715218
6400,800000,21,818.167779
12800,800000,21,710.841176
25600,800000,21,792.535115
51200,800000,21,790.615803
102400,800000,21,843.16736
204800,800000,21,721.252769
409600,800000,21,1025.857065
819200,800000,21,1621.286172
50,900000,21,830.785136
100,900000,21,821.528676
200,900000,21,806.119592
400,900000,21,832.368545
800,900000,21,847.126816
1600,900000,21,842.457298
3200,900000,21,809.31627
6400,900000,21,831.886618
12800,900000,21,809.299474
25600,900000,21,921.782655
51200,900000,21,873.131773
102400,900000,21,822.343707
204800,900000,21,837.750925
409600,900000,21,824.914764
819200,900000,21,1176.363067
50,1000000,21,924.76986
100,1000000,21,940.61655
200,1000000,21,940.197137
400,1000000,21,903.661156
800,1000000,21,877.833481
1600,1000000,21,972.045407
3200,1000000,21,1117.56838
6400,1000000,21,1507.470576
12800,1000000,21,1045.108973
25600,1000000,21,953.113541
51200,1000000,21,1101.605056
102400,1000000,21,1103.620941
204800,1000000,21,1355.41289
409600,1000000,21,939.859369
819200,1000000,21,1255.26388
